Category,Canonical Term,Synonyms
Languages,Python,py
Languages,JavaScript,"JS, ECMAScript"
Languages,TypeScript,TS
Languages,Java,JVM
Languages,C++,Cpp
Languages,C#,"CSharp, .NET"
Languages,Go,Golang
Languages,Ruby,Ruby on Rails (ambiguous)
Languages,R,R Lang
Languages,SQL,"MySQL (partial overlap), SQL Server"
Languages,Swift,iOS Swift
Languages,Kotlin,Android Kotlin
Languages,PHP,"PHP7, PHP8"
Languages,Rust,
Languages,Scala,
Languages,Shell,"Bash, Zsh"
Frameworks / Libraries,React,"ReactJS, React.js"
Frameworks / Libraries,Angular,AngularJS
Frameworks / Libraries,Vue,VueJS
Frameworks / Libraries,Node.js,"Node, NodeJS"
Frameworks / Libraries,Django,Django Framework
Frameworks / Libraries,Flask,Flask Microframework
Frameworks / Libraries,Spring,"Spring Boot, Spring Framework"
Frameworks / Libraries,Express,ExpressJS
Frameworks / Libraries,TensorFlow,TF
Frameworks / Libraries,PyTorch,Torch
Frameworks / Libraries,Scikit-learn,sklearn
Frameworks / Libraries,Pandas,pd
Frameworks / Libraries,NumPy,numpy
Frameworks / Libraries,FastAPI,
Frameworks / Libraries,Next.js,NextJS
Frameworks / Libraries,Laravel,
Frameworks / Libraries,.NET,"dotnet, ASP.NET"
Cloud & DevOps,AWS,Amazon Web Services
Cloud & DevOps,Azure,Microsoft Azure
Cloud & DevOps,GCP,Google Cloud Platform
Cloud & DevOps,Docker,Containers
Cloud & DevOps,Kubernetes,K8s
Cloud & DevOps,Terraform,
Cloud & DevOps,Jenkins,CI/CD Jenkins
Cloud & DevOps,GitHub Actions,GH Actions
Cloud & DevOps,Ansible,
Cloud & DevOps,CloudFormation,AWS CloudFormation
Cloud & DevOps,OpenShift,RedHat OpenShift
Databases,MySQL,
Databases,PostgreSQL,Postgres
Databases,MongoDB,Mongo
Databases,SQLite,
Databases,Redis,
Databases,Cassandra,
Databases,Snowflake,
Databases,BigQuery,
Databases,DynamoDB,
Data / ML,TensorFlow,TF
Data / ML,PyTorch,Torch
Data / ML,Keras,
Data / ML,Scikit-learn,sklearn
Data / ML,XGBoost,xgb
Data / ML,LightGBM,lgbm
Data / ML,OpenAI API,"ChatGPT, GPT"
Data / ML,LangChain,
Data / ML,Hugging Face,HF
Data / ML,MLflow,
Data / ML,Pandas,pd
Data / ML,NumPy,np
Data / ML,Spark,PySpark
Web / Frontend,HTML,HTML5
Web / Frontend,CSS,CSS3
Web / Frontend,SASS,SCSS
Web / Frontend,Bootstrap,
Web / Frontend,Tailwind,TailwindCSS
Web / Frontend,jQuery,
Web / Frontend,Figma,UI Design
Backend / APIs,REST,RESTful API
Backend / APIs,GraphQL,gql
Backend / APIs,gRPC,
Backend / APIs,Kafka,Apache Kafka
Backend / APIs,RabbitMQ,
Testing / QA,Jest,
Testing / QA,Cypress,
Testing / QA,Selenium,
Testing / QA,Pytest,
Testing / QA,Mocha,
Testing / QA,Postman,API Testing
Version Control,Git,
Version Control,GitHub,
Version Control,GitLab,
Version Control,Bitbucket,
Analytics / BI,Tableau,
Analytics / BI,Power BI,
Analytics / BI,Looker,
Analytics / BI,Superset,Apache Superset
Big Data / Streaming,Hadoop,
Big Data / Streaming,Spark,PySpark
Big Data / Streaming,Flink,Apache Flink
Big Data / Streaming,Airflow,Apache Airflow
Big Data / Streaming,Databricks,
Methodologies,Agile,Scrum
Methodologies,CI/CD,"Continuous Integration, Continuous Deployment"
Methodologies,TDD,Test Driven Development
Methodologies,MLOps,ML Ops
